{
  "id": "",
  "name": "",
  "font_family": "iconfont",
  "css_prefix_text": "icon-",
  "description": "",
  "glyphs": [
    {
      "icon_id": "1130",
      "name": "锁定",
      "font_class": "suoding",
      "unicode": "f00c9",
      "unicode_decimal": 983241
    },
    {
      "icon_id": "134655",
      "name": "收藏",
      "font_class": "shoucang",
      "unicode": "e646",
      "unicode_decimal": 58950
    },
    {
      "icon_id": "886915",
      "name": "用户好友",
      "font_class": "yonghuhaoyou",
      "unicode": "e627",
      "unicode_decimal": 58919
    },
    {
      "icon_id": "1876351",
      "name": "我的订单",
      "font_class": "wodedingdan",
      "unicode": "e679",
      "unicode_decimal": 59001
    },
    {
      "icon_id": "6077738",
      "name": "人像",
      "font_class": "renxiang",
      "unicode": "e622",
      "unicode_decimal": 58914
    },
    {
      "icon_id": "7542725",
      "name": "24gf-bag",
      "font_class": "24gf-bag",
      "unicode": "e87f",
      "unicode_decimal": 59519
    },
    {
      "icon_id": "16555984",
      "name": "数据中心",
      "font_class": "shujutongjixuanzhong",
      "unicode": "e6ef",
      "unicode_decimal": 59119
    }
  ]
}
